{
    "loss": [
        2.348080635070801,
        1.689000129699707,
        1.5282502174377441,
        1.4406883716583252,
        1.3805989027023315,
        1.3347461223602295
    ],
    "sparse_categorical_accuracy": [
        0.193146213889122,
        0.2818066477775574,
        0.30556347966194153,
        0.3201145529747009,
        0.32996904850006104,
        0.3394138216972351
    ],
    "val_loss": [
        1.7808785438537598,
        1.5405157804489136,
        1.4504414796829224,
        1.4048036336898804,
        1.3770484924316406,
        1.3634470701217651
    ],
    "val_sparse_categorical_accuracy": [
        0.25841468572616577,
        0.29480627179145813,
        0.3108687400817871,
        0.3177793622016907,
        0.3207409381866455,
        0.3242407441139221
    ]
}